{"cameraMode":{"drawMode":0,"name":"Shaded","section":"Shading Mode"},"sceneLighting":true,"audioPlay":false,"sceneViewState":{"m_AlwaysRefresh":false,"showFog":true,"showSkybox":true,"showFlares":true,"showImageEffects":true,"showParticleSystems":true,"showVisualEffectGraphs":true,"m_FxEnabled":true},"in2DMode":false,"pivot":{"x":1366.847412109375,"y":601.9896850585938,"z":443.3424072265625},"rotation":{"x":0.013302110135555268,"y":0.008332742378115654,"z":0.0001241695717908442,"w":-0.9999220967292786},"size":1142.0377197265625,"orthographic":false}