{"cameraMode":{"drawMode":0,"name":"Shaded","section":"Shading Mode"},"sceneLighting":false,"audioPlay":false,"sceneViewState":{"m_AlwaysRefresh":false,"showFog":true,"showSkybox":false,"showFlares":true,"showImageEffects":true,"showParticleSystems":true,"showVisualEffectGraphs":true,"m_FxEnabled":true},"in2DMode":false,"pivot":{"x":-0.6301489472389221,"y":2.307908773422241,"z":1.3459035158157349},"rotation":{"x":-0.0632733702659607,"y":0.0029110535979270937,"z":-0.000223958573769778,"w":-0.9980790615081787},"size":1.5143158435821534,"orthographic":false}