{"cameraMode":{"drawMode":0,"name":"Shaded","section":"Shading Mode"},"sceneLighting":true,"audioPlay":false,"sceneViewState":{"m_AlwaysRefresh":false,"showFog":true,"showSkybox":true,"showFlares":true,"showImageEffects":true,"showParticleSystems":true,"showVisualEffectGraphs":true,"m_FxEnabled":true},"in2DMode":false,"pivot":{"x":0.08727359771728516,"y":2.5738677978515627,"z":-0.45081520080566409},"rotation":{"x":-0.14674636721611024,"y":-0.19749808311462403,"z":0.029884181916713716,"w":-0.9688867926597595},"size":5.186996936798096,"orthographic":false}