{"cameraMode":{"drawMode":0,"name":"Shaded","section":"Shading Mode"},"sceneLighting":true,"audioPlay":false,"sceneViewState":{"m_AlwaysRefresh":false,"showFog":true,"showSkybox":true,"showFlares":true,"showImageEffects":true,"showParticleSystems":true,"showVisualEffectGraphs":true,"m_FxEnabled":true},"in2DMode":false,"pivot":{"x":0.4008392095565796,"y":2.5634660720825197,"z":-0.8675311803817749},"rotation":{"x":-0.11657664179801941,"y":0.08918508887290955,"z":-0.010539311915636063,"w":-0.9892023205757141},"size":2.241687536239624,"orthographic":false}